index,smiles,active
1,c1ccc2c(c1)cc1ccc3cccc4ccc2c1c34,2.3502
2,c1ccc2c(c1)ccc1cc3c(ccc4ccccc43)cc12,2.6232
3,c1ccc2cc3c(ccc4ccccc43)cc2c1,2.4564
4,c1ccccc1,0.7782
5,CCC(C)(C)C,1.2788
6,c1cc2c3c(cccc3c1)CC2,1.5911
7,c1ccc2c(c1)ccc1ccccc12,1.6232
8,c1ccc2c(c1)Cc1ccccc1-2,1.6435
9,Cc1cccc2ccccc12,0.96215
10,c1ccc2ccccc2c1,0.4771
11,Cc1ccc2ccccc2c1,1.1461
12,c1ccc(-c2ccccc2)cc1,1.4914
13,C1=Cc2ccccc2C1,0.4771
14,c1ccc2sccc2c1,1.3979
15,Cc1ccccc1C,0.7782
16,Cc1ccc(C)c(C)c1,0.6021
17,Cc1cc(C)c(C)cc1C,0.8451
18,CC1CCCC1,0.6021
19,CC(C)c1ccccc1,1.1761
20,CCc1ccccc1,0.9031
21,CCCc1ccccc1,0.6021
22,Cc1ccc(C)cc1,0.9542
23,CC(C)CC(C)C,1.6812
24,Cc1cccc(C)c1,1
25,Cc1cc(C)cc(C)c1,0.4771
26,CC1CCCCC1,0.6021
27,Cc1ccccc1,0.301
28,CCCCC,0.699
29,CCCCCC,0.9542
30,C1CCCCC1,1.699
31,CC(C)CCCC(C)CCCC(C)CCCCC(C)CCCC(C)CCCC(C)C,1.6232
32,CCCCCCCC,0.9542
33,CCCCCCCCC,0.9542
34,CCCCCCCCCCCC,1
35,CCCCCCCCCCCCCCCCCCCC,1.3979
36,c1ccc2c(c1)CCCC2,0.9031
37,c1ccc2cc3ccccc3cc2c1,2.0899
38,CCCCCCCCCC,0.9542
39,c1cc2ccc3cccc4ccc(c1)c2c34,2.3747
40,c1ccc2c(c1)sc1ccccc12,1.5563
41,CCc1cccc(CC)c1,0.8451
42,CCCCCCC,0.8451
43,c1ccc2c(c1)cc1ccc3cc4ccccc4c4ccc2c1c34,2.4713
44,c1cc2ccc3ccc4ccc5ccc6ccc1c1c2c3c4c5c61,2.8651
45,c1cc2ccc3ccc4ccc5cccc6c(c1)c2c3c4c56,2.7497
46,c1ccc2c(c1)c1cccc3ccc4cccc2c4c31,2.5623
47,c1ccc2c(c1)-c1ccc3ccc4cccc5cc-2c1c3c45,2.5185
48,c1cc2cccc3c4cccc5cccc(c(c1)c23)c54,2.9533
49,c1cc2c3c(c1)ccc1ccc4cccc-2c4c13,2.5441
50,c1ccc2c3c(ccc2c1)-c1cccc2cccc-3c12,2.4771
51,c1ccc2c(c1)-c1cccc3c1c-2cc1ccccc13,2.4502
52,c1ccc2c(c1)-c1cccc3cccc-2c13,2.1673
53,c1ccc2cc3c(cc2c1)-c1cccc2cccc-3c12,2.5453
54,C1=Cc2cccc3cccc1c23,1.5798
55,c1ccc2c(c1)c1ccccc1c1ccccc21,2.5775
56,c1ccc2c(c1)ccc1c3ccccc3ccc21,2.5775
57,c1ccc2c(c1)Cc1c-2ccc2ccccc12,2.1492
58,C1C2CC3CC1CC(C2)C3,3
59,C1CCCC1,1.699
60,CC(C)C(C)(C)C,0.7782
61,Cc1ccc(C)c(C)c1C,0.6021
62,c1ccc2c(c1)CCC2,0.7782
63,Cc1cccc(C)c1C,0.6021
64,Cc1cc(C)c(C)c(C)c1,0.4771
65,CC(C)Cc1ccccc1,1
66,CC(C)CC(C)(C)C,1.6021
67,CCCCCCCCCCCCCCCC,1.2304
68,CCCCCCCCCCCCCCCCCCCCCCCCCCCCCCCC,2.4533
69,CCC(C)(C)C(C)C,1.7243
70,CCC(C)(C)CC,0.9542
71,CCCC(C)(C)CC,0.699
72,CCC(C)C(C)(C)C,0.8451
73,CCC(C)C(C)C,0.8451
74,CC(C)C(C)C(C)C,1.1761
75,Cc1ccc(C)c2ccccc12,1.1761
76,Cc1cc2ccccc2cc1C,1.1761
77,CCC(C)C(C)CC,0.4771
78,CC1CCCCC1C,1.2553
79,CCCC(C)C(C)C,1.415
80,CCCC(C)CC,0.9542
81,CCC(C)CC(C)C,0.8451
82,CCCC(C)CCC,0.6021
83,CCCCC(C)CC,0.4771
84,CCCC(C)(C)C,0.8451
85,CCCCC(C)(C)C,0.6021
86,CCCCC(C)C,0.4771
87,CC(C)CCC(C)C,1.3979
88,CCCCCC(C)C,0.4771
89,CCCCCCCCCCCCCCCCCC,1.3222
90,CCCCCCCCCCCCCCCCCCCCCCCCCCC,2.1492
91,CCC(CC)C(C)C,0.7782
92,CCc1ccccc1C,0.6021
93,CCC(CC)CC,0.6021
94,CCCC(CC)CC,0.6021
95,CCc1cccc(C)c1,0.4771
96,CCc1ccc(C)cc1,0.6021
97,CCCCCCCCCCCCC,1.0792
98,CCCCCCCCCCCCCC,1.3617
99,CCCCCCCCCCCCCCC,1.415
100,CCCCCCCCCCCCCCCCC,1.301
101,CCCCCCCCCCCCCCCCCCC,1.2553
102,CCCCCCCCCCCCCCCCCCCCC,1.3979
103,CCCCCCCCCCCCCCCCCCCCCC,2.0969
104,CCCCCCCCCCCCCCCCCCCCCCCCC,2.0828
105,CCCCCCCCCCCCCCCCCCCCCCCCCC,2
106,CCCCCCCCCCCCCCCCCCCCCCCCCCCC,2.0969
107,CCCCCCCCCCCCCCCCCCCCCCCCCCCCC,2
108,CCCCCCCCCCCCCCCCCCCCCCCCCCCCCCC,2.4409
109,CCCCCCCCCCCCCCCCCCCCCCCCCCCCCCCCC,2.5599
110,CCCCCCCCCCCCCCCCCCCCCCC,2.1614
111,CCCCCCCCCCCCCCCCCCCCCCCCCCCCCC,2.243
112,Cc1ccc(-c2ccccc2)cc1,1.5798
113,CCCCCCCCCCCCCCCCCCCCCCCC,2.0569
114,CC1=CCc2ccccc21,0.4771
115,Cc1c2ccccc2cc2ccccc12,2.415
116,Cc1cccc2c1CCC2,0.301
117,Cc1cccc2c1ccc1ccccc12,1.3617
118,Cc1ccc2c(c1)CCC2,0.301
119,CCc1ccc(C)cc1C,0.6021
120,CCc1cccc(C)c1C,0.7782
121,CCc1cc(C)cc(C)c1,0.301
122,CCc1ccc(C)c(C)c1,0.699
123,CC(C)CC(C)C(C)C,0.9031
124,CCCCCC(C)(C)C,0.7782
125,CCCc1ccccc1C,0.4771
126,CCCCCCCCCCC,0.8451
127,CC1(C)CCCC1,1.2788
128,CCC1CCCC1,1.1761
129,CCC1CCCCC1,0.301
130,CCc1cc(C)ccc1C,0.4771
131,CC(C)CCCC(C)CCCC(C)CCCC(C)C,1.6232
132,CC1=Cc2ccccc2C1,0.4771
133,CCCC(C)CC(C)C,0.7782
134,CCC(C)CCC(C)C,0.7782
135,CCCCCC(C)CC,0.699
136,CCCCC(C)CCC,0.699
137,C1C2CC3C4CC5CC(C14)C(C2)C3C5,3.301
138,CCC1c2ccccc2-c2ccccc21,1.4624
139,Cc1ccc2ccc3cccc4ccc1c2c34,1.9638
140,CC1CCCC1C,0.6021
141,CC1CCC(C)C1,0.6021
142,Cc1ccc2c(ccc3ccccc32)c1,1.3617
143,C1CC2C3CCC(C3)C2C1,3
144,CCCCCCC(C)C,0.699
145,CC(C)CCC(C)(C)C,1.2553
146,CCCCCCCCCCCCCCCCCCCCCCCCCCCCCCCCCC,2.5832
147,CCCC(C)CCC(C)C,0.301
148,C=CCCCCCCCCCCC=C,1.1139
149,Cc1ccc2ccccc2c1C,1.1761
150,Cc1cccc2c1cc(C)c1cccc(C)c12,1.9191
